Workbook

Sheet Calc
A1: CubeRoot Calculator
A2: Event | B2: 3x3
B3: Seed1 | F3: Seed2
A4: #1 | B4: 310 | D4: =IFS( B4="", "", OR(B4="DNF", B4="DNS"), 9999999999, $B$2="FMC", B4, ISNUMBER(FIND(":", B4)), VALUE(LEFT(B4, FIND(":", B4)-1)) * 60 + VALUE(MID(B4, FIND(":", B4)+1, LEN(B4))), ISNUMBER(FIND(".", B4)), B4, NOT(ISNUMBER(FIND(".", B4))), B4/100 ) -> 3.1 | F4: 484 | H4: =IFS( F4="", "", OR(F4="DNF", F4="DNS"), 9999999999, $B$2="FMC", F4, ISNUMBER(FIND(":", F4)), VALUE(LEFT(F4, FIND(":", F4)-1)) * 60 + VALUE(MID(F4, FIND(":", F4)+1, LEN(F4))), ISNUMBER(FIND(".", F4)), F4, NOT(ISNUMBER(FIND(".", F4))), F4/100 ) -> 4.84
A5: #2 | B5: 320 | D5: =IFS( B5="", "", OR(B5="DNF", B5="DNS"), 9999999999, $B$2="FMC", B5, ISNUMBER(FIND(":", B5)), VALUE(LEFT(B5, FIND(":", B5)-1)) * 60 + VALUE(MID(B5, FIND(":", B5)+1, LEN(B5))), ISNUMBER(FIND(".", B5)), B5, NOT(ISNUMBER(FIND(".", B5))), B5/100 ) -> 3.2 | F5: 666 | H5: =IFS( F5="", "", OR(F5="DNF", F5="DNS"), 9999999999, $B$2="FMC", F5, ISNUMBER(FIND(":", F5)), VALUE(LEFT(F5, FIND(":", F5)-1)) * 60 + VALUE(MID(F5, FIND(":", F5)+1, LEN(F5))), ISNUMBER(FIND(".", F5)), F5, NOT(ISNUMBER(FIND(".", F5))), F5/100 ) -> 6.66
A6: #3 | B6: 276 | D6: =IFS( B6="", "", OR(B6="DNF", B6="DNS"), 9999999999, $B$2="FMC", B6, ISNUMBER(FIND(":", B6)), VALUE(LEFT(B6, FIND(":", B6)-1)) * 60 + VALUE(MID(B6, FIND(":", B6)+1, LEN(B6))), ISNUMBER(FIND(".", B6)), B6, NOT(ISNUMBER(FIND(".", B6))), B6/100 ) -> 2.76 | F6: 497 | H6: =IFS( F6="", "", OR(F6="DNF", F6="DNS"), 9999999999, $B$2="FMC", F6, ISNUMBER(FIND(":", F6)), VALUE(LEFT(F6, FIND(":", F6)-1)) * 60 + VALUE(MID(F6, FIND(":", F6)+1, LEN(F6))), ISNUMBER(FIND(".", F6)), F6, NOT(ISNUMBER(FIND(".", F6))), F6/100 ) -> 4.97
A7: #4 | B7: 389 | D7: =IFS( B7="", "", OR(B7="DNF", B7="DNS"), 9999999999, $B$2="FMC", B7, ISNUMBER(FIND(":", B7)), VALUE(LEFT(B7, FIND(":", B7)-1)) * 60 + VALUE(MID(B7, FIND(":", B7)+1, LEN(B7))), ISNUMBER(FIND(".", B7)), B7, NOT(ISNUMBER(FIND(".", B7))), B7/100 ) -> 3.89 | F7: 531 | H7: =IFS( F7="", "", OR(F7="DNF", F7="DNS"), 9999999999, $B$2="FMC", F7, ISNUMBER(FIND(":", F7)), VALUE(LEFT(F7, FIND(":", F7)-1)) * 60 + VALUE(MID(F7, FIND(":", F7)+1, LEN(F7))), ISNUMBER(FIND(".", F7)), F7, NOT(ISNUMBER(FIND(".", F7))), F7/100 ) -> 5.31
A8: #5 | B8: 399 | D8: =IFS( B8="", "", OR(B8="DNF", B8="DNS"), 9999999999, $B$2="FMC", B8, ISNUMBER(FIND(":", B8)), VALUE(LEFT(B8, FIND(":", B8)-1)) * 60 + VALUE(MID(B8, FIND(":", B8)+1, LEN(B8))), ISNUMBER(FIND(".", B8)), B8, NOT(ISNUMBER(FIND(".", B8))), B8/100 ) -> 3.99 | F8: 439 | H8: =IFS( F8="", "", OR(F8="DNF", F8="DNS"), 9999999999, $B$2="FMC", F8, ISNUMBER(FIND(":", F8)), VALUE(LEFT(F8, FIND(":", F8)-1)) * 60 + VALUE(MID(F8, FIND(":", F8)+1, LEN(F8))), ISNUMBER(FIND(".", F8)), F8, NOT(ISNUMBER(FIND(".", F8))), F8/100 ) -> 4.39
A9: tavg | B9: 384 | D9: =IFS( B9="", "", OR(B9="DNF", B9="DNS"), 9999999999, $B$2="FMC", B9, ISNUMBER(FIND(":", B9)), VALUE(LEFT(B9, FIND(":", B9)-1)) * 60 + VALUE(MID(B9, FIND(":", B9)+1, LEN(B9))), ISNUMBER(FIND(".", B9)), B9, NOT(ISNUMBER(FIND(".", B9))), B9/100 ) -> 3.84 | F9: 526 | H9: =IFS( F9="", "", OR(F9="DNF", F9="DNS"), 9999999999, $B$2="FMC", F9, ISNUMBER(FIND(":", F9)), VALUE(LEFT(F9, FIND(":", F9)-1)) * 60 + VALUE(MID(F9, FIND(":", F9)+1, LEN(F9))), ISNUMBER(FIND(".", F9)), F9, NOT(ISNUMBER(FIND(".", F9))), F9/100 ) -> 5.26
A10: Best | B10: =IFS( D10 = "", "", D10 > 999999, "DNF", D10 > 59.99, TEXT(INT(D10/60), "0") & ":" & TEXT(MOD(D10, 60), "00.00"), TRUE, D10 ) -> 2.76 | C10: =IFERROR(IF(ISBLANK(E10), "", VLOOKUP(E10, Record!$B$1:$C$100, 2, FALSE)), "") | D10: =IFERROR(SMALL(D4:D8, 1), "") -> 2.76 | E10: =IFS( B10="", "", B10 <= VLOOKUP($A10, Current!$C$1:$BZ$101, MATCH($B$2, Current!$3:$3, 0)-4, FALSE), "WR", TRUE, "" ) -> #REF! | F10: =IFS( H10 = "", "", H10 > 999999, "DNF", H10 > 59.99, TEXT(INT(H10/60), "0") & ":" & TEXT(MOD(H10, 60), "00.00"), TRUE, H10 ) -> 4.39 | G10: =IFERROR(IF(ISBLANK(I10), "", VLOOKUP(I10, Record!$B$1:$C$100, 2, FALSE)), "") | H10: =IFERROR(SMALL(H4:H8, 1), "") -> 4.39 | I10: =IFS( F10="", "", F10 <= VLOOKUP($A10, Current!$C$1:$BZ$101, MATCH($B$2, Current!$3:$3, 0)-4, FALSE), "WR", TRUE, "" ) -> #REF!
A11: Avg | B11: =IFS( D11 = "", "", D11 > 999999, "DNF", D11 > 59.99, TEXT(INT(D11/60), "0") & ":" & TEXT(MOD(D11, 60), "00.00"), TRUE, D11 ) -> 3.4 | C11: =IFERROR(IF(ISBLANK(E11), "", VLOOKUP(E11, Record!$B$1:$C$100, 2, FALSE)), "") | D11: {=IFS( AND(ISNA(MATCH(B2, {"6x6","7x7","3BLD","FMC","4BLD","5BLD","MBLD"}, 0)), COUNTA(B4:B8) = 5), ROUND((SUM(D4:D8) - MAX(D4:D8) - MIN(D4:D8)) / 3, 2), AND(ISNA(MATCH(B2, {"6x6","7x7","3BLD","FMC","4BLD","5BLD","MBLD"}, 0)), COUNTA(B4:B8) < 5), "", AND(NOT(ISNA(MATCH(B2, {"6x6","7x7","3BLD","FMC","4BLD","5BLD","MBLD"}, 0))), COUNTA(B4:B6) = 3), ROUND(SUM(D4:D6) / 3, 2), AND(NOT(ISNA(MATCH(B2, {"6x6","7x7","3BLD","FMC","4BLD","5BLD","MBLD"}, 0))), COUNTA(B4:B6) < 3), "" )} -> 3.4 | E11: =IFS( B11="", "", B11 <= VLOOKUP($A11, Current!$C$1:$BZ$101, MATCH($B$2, Current!$3:$3, 0)-4, FALSE), "WR", TRUE, "" ) -> #REF! | F11: =IFS( H11 = "", "", H11 > 999999, "DNF", H11 > 59.99, TEXT(INT(H11/60), "0") & ":" & TEXT(MOD(H11, 60), "00.00"), TRUE, H11 ) -> 5.04 | G11: =IFERROR(IF(ISBLANK(I11), "", VLOOKUP(I11, Record!$B$1:$C$100, 2, FALSE)), "") | H11: {=IFS( AND(ISNA(MATCH(F2, {"6x6","7x7","3BLD","FMC","4BLD","5BLD","MBLD"}, 0)), COUNTA(F4:F8) = 5), ROUND((SUM(H4:H8) - MAX(H4:H8) - MIN(H4:H8)) / 3, 2), AND(ISNA(MATCH(F2, {"6x6","7x7","3BLD","FMC","4BLD","5BLD","MBLD"}, 0)), COUNTA(F4:F8) < 5), "", AND(NOT(ISNA(MATCH(F2, {"6x6","7x7","3BLD","FMC","4BLD","5BLD","MBLD"}, 0))), COUNTA(F4:F6) = 3), ROUND(SUM(H4:H6) / 3, 2), AND(NOT(ISNA(MATCH(F2, {"6x6","7x7","3BLD","FMC","4BLD","5BLD","MBLD"}, 0))), COUNTA(F4:F6) < 3), "" )} -> 5.04 | I11: =IFS( F11="", "", F11 <= VLOOKUP($A11, Current!$C$1:$BZ$101, MATCH($B$2, Current!$3:$3, 0)-4, FALSE), "WR", TRUE, "" ) -> #REF!
A12: t#4 (WPA<=tavg) | B12: =IFS( D12 = "", "", D12 = "ANY", "ANY", D12 = "NaN", "NaN", D12 > 999999, "DNF", D12 > 59.99, TEXT(INT(D12/60), "0") & ":" & TEXT(MOD(D12, 60), "00.00"), TRUE, D12 ) -> 5.232 | D12: =IF(COUNTA(B4:B6) = 3, IFS( (D9+0.004) * 3 - D4 - D5 - D6 + MIN(D4, D5, D6) <= 0, "NaN", D25 > D9+0.004, "NaN", TRUE, (D9+0.004) * 3 - D4 - D5 - D6 + MIN(D4, D5, D6) ), "" ) -> 5.232 | F12: =IFS( H12 = "", "", H12 = "ANY", "ANY", H12 = "NaN", "NaN", H12 > 999999, "DNF", H12 > 59.99, TEXT(INT(H12/60), "0") & ":" & TEXT(MOD(H12, 60), "00.00"), TRUE, H12 ) -> NaN | H12: =IF(COUNTA(F4:F6) = 3, IFS( (H9+0.004) * 3 - H4 - H5 - H6 + MIN(H4, H5, H6) <= 0, "NaN", H25 > H9+0.004, "NaN", TRUE, (H9+0.004) * 3 - H4 - H5 - H6 + MIN(H4, H5, H6) ), "" ) -> NaN
A13: t#4 (BPA<=tavg) | B13: =IFS( D13 = "", "", D13 = "ANY", "ANY", D13 = "NaN", "NaN", D13 > 999999, "DNF", D13 > 59.99, TEXT(INT(D13/60), "0") & ":" & TEXT(MOD(D13, 60), "00.00"), TRUE, D13 ) -> ANY | D13: =IF(COUNTA(B4:B6) = 3, IFS( (D9+0.004)* 3 - D4 - D5 - D6 + MAX(D4, D5, D6) <= 0, "NaN", D25 <= D9+0.004, "ANY", TRUE, (D9+0.004)* 3 - D4 - D5 - D6 + MAX(D4, D5, D6) ), "" ) -> ANY | F13: =IFS( H13 = "", "", H13 = "ANY", "ANY", H13 = "NaN", "NaN", H13 > 999999, "DNF", H13 > 59.99, TEXT(INT(H13/60), "0") & ":" & TEXT(MOD(H13, 60), "00.00"), TRUE, H13 ) -> 5.982 | H13: =IF(COUNTA(F4:F6) = 3, IFS( (H9+0.004)* 3 - H4 - H5 - H6 + MAX(H4, H5, H6) <= 0, "NaN", H25 <= H9+0.004, "ANY", TRUE, (H9+0.004)* 3 - H4 - H5 - H6 + MAX(H4, H5, H6) ), "" ) -> 5.982
A14: t#5 | B14: =IFS( D14 = "", "", D14 = "ANY", "ANY", D14 = "NaN", "NaN", D14 > 999999, "DNF", D14 > 59.99, TEXT(INT(D14/60), "0") & ":" & TEXT(MOD(D14, 60), "00.00"), TRUE, D14 ) -> ANY | D14: =IFS( AND(LEN(D4)>0, LEN(D5)>0, LEN(D6)>0, LEN(D7)>0, LEN(D9)>0, D9 < D16), "NaN", AND(LEN(D4)>0, LEN(D5)>0, LEN(D6)>0, LEN(D7)>0, LEN(D9)>0, D9 >= D17), "ANY", AND(LEN(D4)>0, LEN(D5)>0, LEN(D6)>0, LEN(D7)>0, LEN(D9)>0), 3*(D9+0.004) + MAX(D4:D7) + MIN(D4:D7) - D4 - D5 - D6 - D7, TRUE, "" ) -> ANY | F14: =IFS( H14 = "", "", H14 = "ANY", "ANY", H14 = "NaN", "NaN", H14 > 999999, "DNF", H14 > 59.99, TEXT(INT(H14/60), "0") & ":" & TEXT(MOD(H14, 60), "00.00"), TRUE, H14 ) -> 5.512 | H14: =IFS( AND(LEN(H4)>0, LEN(H5)>0, LEN(H6)>0, LEN(H7)>0, LEN(H9)>0, H9 < H16), "NaN", AND(LEN(H4)>0, LEN(H5)>0, LEN(H6)>0, LEN(H7)>0, LEN(H9)>0, H9 >= H17), "ANY", AND(LEN(H4)>0, LEN(H5)>0, LEN(H6)>0, LEN(H7)>0, LEN(H9)>0), 3*(H9+0.004) + MAX(H4:H7) + MIN(H4:H7) - H4 - H5 - H6 - H7, TRUE, "" ) -> 5.512
A15: BAo5 | B15: =IFS( D15 = "", "", D15 > 999999, "DNF", D15 > 59.99, TEXT(INT(D15/60), "0") & ":" & TEXT(MOD(D15, 60), "00.00"), TRUE, D15 ) -> 3.02 | C15: =IFERROR(IF(ISBLANK(E15), "", VLOOKUP(E15, Record!$B$1:$C$100, 2, FALSE)), "") | D15: =IF(OR(ISBLANK(B7), ISBLANK(B8)), "", ROUND(AVERAGE(SMALL(D4:D8, 1), SMALL(D4:D8, 2), SMALL(D4:D8, 3)), 2)) -> 3.02 | E15: =IFS( B15="", "", B15 <= VLOOKUP($A15, Current!$C$1:$BZ$101, MATCH($B$2, Current!$3:$3, 0)-4, FALSE), "WR", TRUE, "" ) -> #REF! | F15: =IFS( H15 = "", "", H15 > 999999, "DNF", H15 > 59.99, TEXT(INT(H15/60), "0") & ":" & TEXT(MOD(H15, 60), "00.00"), TRUE, H15 ) -> 4.73 | G15: =IFERROR(IF(ISBLANK(I15), "", VLOOKUP(I15, Record!$B$1:$C$100, 2, FALSE)), "") | H15: =IF(OR(ISBLANK(F7), ISBLANK(F8)), "", ROUND(AVERAGE(SMALL(H4:H8, 1), SMALL(H4:H8, 2), SMALL(H4:H8, 3)), 2)) -> 4.73 | I15: =IFS( F15="", "", F15 <= VLOOKUP($A15, Current!$C$1:$BZ$101, MATCH($B$2, Current!$3:$3, 0)-4, FALSE), "WR", TRUE, "" ) -> #REF!
A16: BPA | B16: =IFS( D16 = "", "", D16 > 999999, "DNF", D16 > 59.99, TEXT(INT(D16/60), "0") & ":" & TEXT(MOD(D16, 60), "00.00"), TRUE, D16 ) -> 3.02 | C16: =IFERROR(IF(ISBLANK(E16), "", VLOOKUP(E16, Record!$B$1:$C$100, 2, FALSE)), "") | D16: =IF(OR(ISBLANK(B4), ISBLANK(B5), ISBLANK(B6), ISBLANK(B7)), "", ROUND((D4 + D5 + D6 + D7 - MAX(D4:D7)) / 3, 2)) -> 3.02 | E16: =IFS( B16="", "", B16 <= VLOOKUP($A16, Current!$C$1:$BZ$101, MATCH($B$2, Current!$3:$3, 0)-4, FALSE), "WR", TRUE, "" ) -> #REF! | F16: =IFS( H16 = "", "", H16 > 999999, "DNF", H16 > 59.99, TEXT(INT(H16/60), "0") & ":" & TEXT(MOD(H16, 60), "00.00"), TRUE, H16 ) -> 5.04 | G16: =IFERROR(IF(ISBLANK(I16), "", VLOOKUP(I16, Record!$B$1:$C$100, 2, FALSE)), "") | H16: =IF(OR(ISBLANK(F4), ISBLANK(F5), ISBLANK(F6), ISBLANK(F7)), "", ROUND((H4 + H5 + H6 + H7 - MAX(H4:H7)) / 3, 2)) -> 5.04 | I16: =IFS( F16="", "", F16 <= VLOOKUP($A16, Current!$C$1:$BZ$101, MATCH($B$2, Current!$3:$3, 0)-4, FALSE), "WR", TRUE, "" ) -> #REF!
A17: WPA | B17: =IFS( D17 = "", "", D17 > 999999, "DNF", D17 > 59.99, TEXT(INT(D17/60), "0") & ":" & TEXT(MOD(D17, 60), "00.00"), TRUE, D17 ) -> 3.4 | C17: =IFERROR(IF(ISBLANK(E17), "", VLOOKUP(E17, Record!$B$1:$C$100, 2, FALSE)), "") | D17: =IF(OR(ISBLANK(B4), ISBLANK(B5), ISBLANK(B6), ISBLANK(B7)), "", ROUND((D4 + D5 + D6 + D7 - MIN(D4:D7)) / 3, 2)) -> 3.4 | E17: =IFS( B17="", "", B17 <= VLOOKUP($A17, Current!$C$1:$BZ$101, MATCH($B$2, Current!$3:$3, 0)-4, FALSE), "WR", TRUE, "" ) -> #REF! | F17: =IFS( H17 = "", "", H17 > 999999, "DNF", H17 > 59.99, TEXT(INT(H17/60), "0") & ":" & TEXT(MOD(H17, 60), "00.00"), TRUE, H17 ) -> 5.65 | G17: =IFERROR(IF(ISBLANK(I17), "", VLOOKUP(I17, Record!$B$1:$C$100, 2, FALSE)), "") | H17: =IF(OR(ISBLANK(F4), ISBLANK(F5), ISBLANK(F6), ISBLANK(F7)), "", ROUND((H4 + H5 + H6 + H7 - MIN(H4:H7)) / 3, 2)) -> 5.65 | I17: =IFS( F17="", "", F17 <= VLOOKUP($A17, Current!$C$1:$BZ$101, MATCH($B$2, Current!$3:$3, 0)-4, FALSE), "WR", TRUE, "" ) -> #REF!
A18: WAo5 | B18: =IFS( D18 = "", "", D18 > 999999, "DNF", D18 > 59.99, TEXT(INT(D18/60), "0") & ":" & TEXT(MOD(D18, 60), "00.00"), TRUE, D18 ) -> 3.69 | C18: =IFERROR(IF(ISBLANK(E18), "", VLOOKUP(E18, Record!$B$1:$C$100, 2, FALSE)), "") | D18: =IF(OR(ISBLANK(B7), ISBLANK(B8)), "", ROUND(AVERAGE(LARGE(D4:D8, 1), LARGE(D4:D8, 2), LARGE(D4:D8, 3)), 2)) -> 3.69 | E18: =IFS( B18="", "", B18 <= VLOOKUP($A18, Current!$C$1:$BZ$101, MATCH($B$2, Current!$3:$3, 0)-4, FALSE), "WR", TRUE, "" ) -> #REF! | F18: =IFS( H18 = "", "", H18 > 999999, "DNF", H18 > 59.99, TEXT(INT(H18/60), "0") & ":" & TEXT(MOD(H18, 60), "00.00"), TRUE, H18 ) -> 5.65 | G18: =IFERROR(IF(ISBLANK(I18), "", VLOOKUP(I18, Record!$B$1:$C$100, 2, FALSE)), "") | H18: =IF(OR(ISBLANK(F7), ISBLANK(F8)), "", ROUND(AVERAGE(LARGE(H4:H8, 1), LARGE(H4:H8, 2), LARGE(H4:H8, 3)), 2)) -> 5.65 | I18: =IFS( F18="", "", F18 <= VLOOKUP($A18, Current!$C$1:$BZ$101, MATCH($B$2, Current!$3:$3, 0)-4, FALSE), "WR", TRUE, "" ) -> #REF!
A19: Mo5 | B19: =IFS( D19 = "", "", D19 > 999999, "DNF", D19 > 59.99, TEXT(INT(D19/60), "0") & ":" & TEXT(MOD(D19, 60), "00.00"), TRUE, D19 ) -> 3.39 | C19: =IFERROR(IF(ISBLANK(E19), "", VLOOKUP(E19, Record!$B$1:$C$100, 2, FALSE)), "") | D19: =IF(OR(ISBLANK(B4), ISBLANK(B5), ISBLANK(B6), ISBLANK(B7), ISBLANK(B8)), "", ROUND(AVERAGE(D4:D8), 2)) -> 3.39 | E19: =IFS( B19="", "", B19 <= VLOOKUP($A19, Current!$C$1:$BZ$101, MATCH($B$2, Current!$3:$3, 0)-4, FALSE), "WR", TRUE, "" ) -> #REF! | F19: =IFS( H19 = "", "", H19 > 999999, "DNF", H19 > 59.99, TEXT(INT(H19/60), "0") & ":" & TEXT(MOD(H19, 60), "00.00"), TRUE, H19 ) -> 5.23 | G19: =IFERROR(IF(ISBLANK(I19), "", VLOOKUP(I19, Record!$B$1:$C$100, 2, FALSE)), "") | H19: =IF(OR(ISBLANK(F4), ISBLANK(F5), ISBLANK(F6), ISBLANK(F7), ISBLANK(F8)), "", ROUND(AVERAGE(H4:H8), 2)) -> 5.23 | I19: =IFS( F19="", "", F19 <= VLOOKUP($A19, Current!$C$1:$BZ$101, MATCH($B$2, Current!$3:$3, 0)-4, FALSE), "WR", TRUE, "" ) -> #REF!
A20: BestC | B20: =IFS( D20 = "", "", D20 > 999999, "DNF", D20 > 59.99, TEXT(INT(D20/60), "0") & ":" & TEXT(MOD(D20, 60), "00.00"), TRUE, D20 ) -> 3.1 | C20: =IFERROR(IF(ISBLANK(E20), "", VLOOKUP(E20, Record!$B$1:$C$100, 2, FALSE)), "") | D20: =IF(OR(ISBLANK(B4), ISBLANK(B5), ISBLANK(B6), ISBLANK(B7), ISBLANK(B8)), "", IFERROR(SMALL(D4:D8, 2), "")) -> 3.1 | E20: =IFS( B20="", "", B20 <= VLOOKUP($A20, Current!$C$1:$BZ$101, MATCH($B$2, Current!$3:$3, 0)-4, FALSE), "WR", TRUE, "" ) -> #REF! | F20: =IFS( H20 = "", "", H20 > 999999, "DNF", H20 > 59.99, TEXT(INT(H20/60), "0") & ":" & TEXT(MOD(H20, 60), "00.00"), TRUE, H20 ) -> 4.84 | G20: =IFERROR(IF(ISBLANK(I20), "", VLOOKUP(I20, Record!$B$1:$C$100, 2, FALSE)), "") | H20: =IF(OR(ISBLANK(F4), ISBLANK(F5), ISBLANK(F6), ISBLANK(F7), ISBLANK(F8)), "", IFERROR(SMALL(H4:H8, 2), "")) -> 4.84 | I20: =IFS( F20="", "", F20 <= VLOOKUP($A20, Current!$C$1:$BZ$101, MATCH($B$2, Current!$3:$3, 0)-4, FALSE), "WR", TRUE, "" ) -> #REF!
A21: Median | B21: =IFS( D21 = "", "", D21 > 999999, "DNF", D21 > 59.99, TEXT(INT(D21/60), "0") & ":" & TEXT(MOD(D21, 60), "00.00"), TRUE, D21 ) -> 3.2 | C21: =IFERROR(IF(ISBLANK(E21), "", VLOOKUP(E21, Record!$B$1:$C$100, 2, FALSE)), "") | D21: =IF(OR(ISBLANK(B4), ISBLANK(B5), ISBLANK(B6)), "", IFERROR(MEDIAN(D4:D8), "")) -> 3.2 | E21: =IFS( B21="", "", B21 <= VLOOKUP($A21, Current!$C$1:$BZ$101, MATCH($B$2, Current!$3:$3, 0)-4, FALSE), "WR", TRUE, "" ) -> #REF! | F21: =IFS( H21 = "", "", H21 > 999999, "DNF", H21 > 59.99, TEXT(INT(H21/60), "0") & ":" & TEXT(MOD(H21, 60), "00.00"), TRUE, H21 ) -> 4.97 | G21: =IFERROR(IF(ISBLANK(I21), "", VLOOKUP(I21, Record!$B$1:$C$100, 2, FALSE)), "") | H21: =IF(OR(ISBLANK(F4), ISBLANK(F5), ISBLANK(F6)), "", IFERROR(MEDIAN(H4:H8), "")) -> 4.97 | I21: =IFS( F21="", "", F21 <= VLOOKUP($A21, Current!$C$1:$BZ$101, MATCH($B$2, Current!$3:$3, 0)-4, FALSE), "WR", TRUE, "" ) -> #REF!
A22: WorstC | B22: =IFS( D22 = "", "", D22 > 999999, "DNF", D22 > 59.99, TEXT(INT(D22/60), "0") & ":" & TEXT(MOD(D22, 60), "00.00"), TRUE, D22 ) -> 3.89 | C22: =IFERROR(IF(ISBLANK(E22), "", VLOOKUP(E22, Record!$B$1:$C$100, 2, FALSE)), "") | D22: =IF(OR(ISBLANK(B4), ISBLANK(B5), ISBLANK(B6), ISBLANK(B7), ISBLANK(B8)), "", IFERROR(LARGE(D4:D8, 2), "")) -> 3.89 | E22: =IFS( B22="", "", B22 <= VLOOKUP($A22, Current!$C$1:$BZ$101, MATCH($B$2, Current!$3:$3, 0)-4, FALSE), "WR", TRUE, "" ) -> #REF! | F22: =IFS( H22 = "", "", H22 > 999999, "DNF", H22 > 59.99, TEXT(INT(H22/60), "0") & ":" & TEXT(MOD(H22, 60), "00.00"), TRUE, H22 ) -> 5.31 | G22: =IFERROR(IF(ISBLANK(I22), "", VLOOKUP(I22, Record!$B$1:$C$100, 2, FALSE)), "") | H22: =IF(OR(ISBLANK(F4), ISBLANK(F5), ISBLANK(F6), ISBLANK(F7), ISBLANK(F8)), "", IFERROR(LARGE(H4:H8, 2), "")) -> 5.31 | I22: =IFS( F22="", "", F22 <= VLOOKUP($A22, Current!$C$1:$BZ$101, MATCH($B$2, Current!$3:$3, 0)-4, FALSE), "WR", TRUE, "" ) -> #REF!
A23: Worst | B23: =IFS( D23 = "", "", D23 > 999999, "DNF", D23 > 59.99, TEXT(INT(D23/60), "0") & ":" & TEXT(MOD(D23, 60), "00.00"), TRUE, D23 ) -> 3.99 | C23: =IFERROR(IF(ISBLANK(E23), "", VLOOKUP(E23, Record!$B$1:$C$100, 2, FALSE)), "") | D23: =IFERROR(LARGE(D4:D8, 1), "") -> 3.99 | E23: =IFS( B23="", "", B23 <= VLOOKUP($A23, Current!$C$1:$BZ$101, MATCH($B$2, Current!$3:$3, 0)-4, FALSE), "WR", TRUE, "" ) -> #REF! | F23: =IFS( H23 = "", "", H23 > 999999, "DNF", H23 > 59.99, TEXT(INT(H23/60), "0") & ":" & TEXT(MOD(H23, 60), "00.00"), TRUE, H23 ) -> 6.66 | G23: =IFERROR(IF(ISBLANK(I23), "", VLOOKUP(I23, Record!$B$1:$C$100, 2, FALSE)), "") | H23: =IFERROR(LARGE(H4:H8, 1), "") -> 6.66 | I23: =IFS( F23="", "", F23 <= VLOOKUP($A23, Current!$C$1:$BZ$101, MATCH($B$2, Current!$3:$3, 0)-4, FALSE), "WR", TRUE, "" ) -> #REF!
A24: Mo2 (1~2) | B24: =IFS( D24 = "", "", D24 > 999999, "DNF", D24 > 59.99, TEXT(INT(D24/60), "0") & ":" & TEXT(MOD(D24, 60), "00.00"), TRUE, D24 ) -> 3.15 | C24: - | D24: =IF(OR(ISBLANK(B4), ISBLANK(B5)), "", ROUND(SUM(D4:D5)/2, 2)) -> 3.15 | E24: - | F24: =IFS( H24 = "", "", H24 > 999999, "DNF", H24 > 59.99, TEXT(INT(H24/60), "0") & ":" & TEXT(MOD(H24, 60), "00.00"), TRUE, H24 ) -> 5.75 | G24: - | H24: =IF(OR(ISBLANK(F4), ISBLANK(F5)), "", ROUND(SUM(H4:H5)/2, 2)) -> 5.75 | I24: -
A25: Mo3 (1~3) | B25: =IFS( D25 = "", "", D25 > 999999, "DNF", D25 > 59.99, TEXT(INT(D25/60), "0") & ":" & TEXT(MOD(D25, 60), "00.00"), TRUE, D25 ) -> 3.02 | C25: - | D25: =IF(OR(ISBLANK(B4), ISBLANK(B5), ISBLANK(B6)), "", ROUND(SUM(D4:D6)/3, 2)) -> 3.02 | E25: - | F25: =IFS( H25 = "", "", H25 > 999999, "DNF", H25 > 59.99, TEXT(INT(H25/60), "0") & ":" & TEXT(MOD(H25, 60), "00.00"), TRUE, H25 ) -> 5.49 | G25: - | H25: =IF(OR(ISBLANK(F4), ISBLANK(F5), ISBLANK(F6)), "", ROUND(SUM(H4:H6)/3, 2)) -> 5.49 | I25: -
A26: Mo4 (1~4) | B26: =IFS( D26 = "", "", D26 > 999999, "DNF", D26 > 59.99, TEXT(INT(D26/60), "0") & ":" & TEXT(MOD(D26, 60), "00.00"), TRUE, D26 ) -> 3.24 | C26: - | D26: =IF(OR(ISBLANK(B4), ISBLANK(B5), ISBLANK(B6), ISBLANK(B7)), "", ROUND(SUM(D4:D7)/4, 2)) -> 3.24 | E26: - | F26: =IFS( H26 = "", "", H26 > 999999, "DNF", H26 > 59.99, TEXT(INT(H26/60), "0") & ":" & TEXT(MOD(H26, 60), "00.00"), TRUE, H26 ) -> 5.45 | G26: - | H26: =IF(OR(ISBLANK(F4), ISBLANK(F5), ISBLANK(F6), ISBLANK(F7)), "", ROUND(SUM(H4:H7)/4, 2)) -> 5.45 | I26: -
A27: Variance | B27: =D27 -> 0.28177 | C27: =IFERROR(IF(ISBLANK(E27), "", VLOOKUP(E27, Record!$B$1:$C$100, 2, FALSE)), "") | D27: =IFS( AND(NOT(ISBLANK(B4)), NOT(ISBLANK(B5)), NOT(ISBLANK(B6)), ISBLANK(B7), ISBLANK(B8)), VAR(D4:D6), AND(NOT(ISBLANK(B4)), NOT(ISBLANK(B5)), NOT(ISBLANK(B6)), NOT(ISBLANK(B7)), NOT(ISBLANK(B8))), VAR(D4:D8), TRUE, "" ) -> 0.28177 | E27: =IFS( B27="", "", B27 <= VLOOKUP($A27, Current!$C$1:$BZ$101, MATCH($B$2, Current!$3:$3, 0)-4, FALSE), "WR", TRUE, "" ) -> #REF! | F27: =H27 -> 0.74413 | G27: =IFERROR(IF(ISBLANK(I27), "", VLOOKUP(I27, Record!$B$1:$C$100, 2, FALSE)), "") | H27: =IFS( AND(NOT(ISBLANK(F4)), NOT(ISBLANK(F5)), NOT(ISBLANK(F6)), ISBLANK(F7), ISBLANK(F8)), VAR(H4:H6), AND(NOT(ISBLANK(F4)), NOT(ISBLANK(F5)), NOT(ISBLANK(F6)), NOT(ISBLANK(F7)), NOT(ISBLANK(F8))), VAR(H4:H8), TRUE, "" ) -> 0.74413 | I27: =IFS( F27="", "", F27 <= VLOOKUP($A27, Current!$C$1:$BZ$101, MATCH($B$2, Current!$3:$3, 0)-4, FALSE), "WR", TRUE, "" ) -> #REF!
A28: Best/Avg | B28: =D28 -> 0.81176471 | C28: =IFERROR(IF(ISBLANK(E28), "", VLOOKUP(E28, Record!$B$1:$C$100, 2, FALSE)), "") | D28: =IFS( AND(NOT(ISBLANK(B4)), NOT(ISBLANK(B5)), NOT(ISBLANK(B6)), ISBLANK(B7), ISBLANK(B8)), D10/D11, AND(NOT(ISBLANK(B4)), NOT(ISBLANK(B5)), NOT(ISBLANK(B6)), NOT(ISBLANK(B7)), NOT(ISBLANK(B8))), D10/D11, TRUE, "" ) -> 0.81176471 | E28: =IFS( B28="", "", B28 <= VLOOKUP($A28, Current!$C$1:$BZ$101, MATCH($B$2, Current!$3:$3, 0)-4, FALSE), "WR", TRUE, "" ) -> #REF! | F28: =H28 -> 0.87103175 | G28: =IFERROR(IF(ISBLANK(I28), "", VLOOKUP(I28, Record!$B$1:$C$100, 2, FALSE)), "") | H28: =IFS( AND(NOT(ISBLANK(F4)), NOT(ISBLANK(F5)), NOT(ISBLANK(F6)), ISBLANK(F7), ISBLANK(F8)), H10/H11, AND(NOT(ISBLANK(F4)), NOT(ISBLANK(F5)), NOT(ISBLANK(F6)), NOT(ISBLANK(F7)), NOT(ISBLANK(F8))), H10/H11, TRUE, "" ) -> 0.87103175 | I28: =IFS( F28="", "", F28 <= VLOOKUP($A28, Current!$C$1:$BZ$101, MATCH($B$2, Current!$3:$3, 0)-4, FALSE), "WR", TRUE, "" ) -> #REF!
A30: tmo3 | D30: =IFS( B30="", "", OR(B30="DNF", B30="DNS"), 9999999999, $B$2="FMC", B30, ISNUMBER(FIND(":", B30)), VALUE(LEFT(B30, FIND(":", B30)-1)) * 60 + VALUE(MID(B30, FIND(":", B30)+1, LEN(B30))), ISNUMBER(FIND(".", B30)), B30, NOT(ISNUMBER(FIND(".", B30))), B30/100 ) | H30: =IFS( F30="", "", OR(F30="DNF", F30="DNS"), 9999999999, $B$2="FMC", F30, ISNUMBER(FIND(":", F30)), VALUE(LEFT(F30, FIND(":", F30)-1)) * 60 + VALUE(MID(F30, FIND(":", F30)+1, LEN(F30))), ISNUMBER(FIND(".", F30)), F30, NOT(ISNUMBER(FIND(".", F30))), F30/100 )
A31: t#3 | B31: =IF(AND(LEN(D4)>0, LEN(D5)>0, LEN(D30)>0, LEN(D6)=0, LEN(D7)=0, LEN(D8)=0), 3*(D30+0.004) - D4 - D5, "") | F31: =IF(AND(LEN(H4)>0, LEN(H5)>0, LEN(H30)>0, LEN(H6)=0, LEN(H7)=0, LEN(H8)=0), 3*(H30+0.004) - H4 - H5, "")
A33: t#4 | B33: Avg有可能达到tavg的第4把的最大值
A34: t#5 | B34: Avg达到tavg的第5把的最大值
A36: Make COPY first!
A37: Type in boxes
A38: t=target
A39: Head-to-head BPA/WPA calc by Cary Huang
